evidence,case,mode,threads,samples,mean_ms,median_ms,min_ms,max_ms,raster_fps,speedup_vs_matching_base,rejected_fraction,candidate_pairs,full_evaluations,missed_qualified,process_cpu_ms,rss_kib,psnr_vs_base_db,ssim_vs_base,raw_rgb_max,raw_rgb_mean,official_transmittance_max,official_last_mismatches,strict_official_passed,vs_dense_bitwise,source_sha256
examples\3dgs_flicker_cat\evidence\20260926T171756_n559263_v0_w320,n559263_v0_w320,base,4,5,5778.351860000001,5776.69324,5774.82416,5786.24633,0.17305972779580783,0.9999999999999999,0.0,118468065.0,118468065.0,,23083.6704,31427.2,,1.0,0.0,0.0,8.940696716308594e-08,0,True,,e38a40473d67217346389735a14fd9ccf66bd6c85526ab7424ed5f0c82fcbd24
examples\3dgs_flicker_cat\evidence\20260926T171756_n559263_v0_w320,n559263_v0_w320,dense,4,5,2108.01353,2108.70647,2104.99803,2110.84937,0.4743802569426582,2.7411360400518867,0.9087019258893235,118705056.0,10837543.0,123784.0,8299.2266,32389.6,48.254562766544424,0.999255438384473,0.1319577991962433,0.0009489261599790124,0.0343279168009758,5080,False,,e38a40473d67217346389735a14fd9ccf66bd6c85526ab7424ed5f0c82fcbd24
examples\3dgs_flicker_cat\evidence\20260926T171756_n559263_v0_w320,n559263_v0_w320,dense_pr,4,5,2159.6849420000003,2159.07532,2154.94936,2165.89834,0.4630305006775381,2.6755531548267837,0.9087019258893235,118705056.0,10837543.0,123784.0,8502.5958,32443.2,48.254562766544424,0.999255438384473,0.1319577991962433,0.0009489261599790124,0.0343279168009758,5080,False,True,e38a40473d67217346389735a14fd9ccf66bd6c85526ab7424ed5f0c82fcbd24
examples\3dgs_flicker_cat\evidence\20260926T171756_n559263_v0_w320,n559263_v0_w320,sparse,4,5,2091.9976840000004,2091.88815,2090.29334,2094.2823,0.4780120014702654,2.7621215377980306,0.9304346216818713,123577636.0,8596725.0,768550.0,8234.4212,32591.2,31.00506864202755,0.9634184019282529,1.064857383724302,0.007828063259149642,0.37660670280456543,17325,False,,e38a40473d67217346389735a14fd9ccf66bd6c85526ab7424ed5f0c82fcbd24
examples\3dgs_flicker_cat\evidence\20260926T171756_n559263_v0_w320,n559263_v0_w320,adaptive,4,5,2165.589586,2165.40049,2163.0442,2170.13219,0.4617680129534941,2.6682580565383267,0.911994496301395,118884417.0,10462483.0,211884.0,8363.2232,32387.2,45.08262134721042,0.9978714221907541,0.18326061218976974,0.0016580618244806966,0.08277413249015808,9123,False,,e38a40473d67217346389735a14fd9ccf66bd6c85526ab7424ed5f0c82fcbd24
examples\3dgs_flicker_cat\evidence\20260926T172353_n559263_v10_w320,n559263_v10_w320,base,4,5,4656.08791,4656.7086,4653.76363,4657.81449,0.21477257717842357,1.0,0.0,96864505.0,96864505.0,,18599.801,27664.8,,1.0,0.0,0.0,2.384185791015625e-07,0,True,,e38a40473d67217346389735a14fd9ccf66bd6c85526ab7424ed5f0c82fcbd24
examples\3dgs_flicker_cat\evidence\20260926T172353_n559263_v10_w320,n559263_v10_w320,dense,4,5,1640.6480199999999,1639.84326,1639.27141,1643.48431,0.6095152572701121,2.837956620335909,0.9138902771015678,97009231.0,8353438.0,64374.0,6451.4784,28608.8,50.032177495344484,0.999470219490376,0.21684837341308594,0.0006393467363182451,0.26635414361953735,2721,False,,e38a40473d67217346389735a14fd9ccf66bd6c85526ab7424ed5f0c82fcbd24
examples\3dgs_flicker_cat\evidence\20260926T172353_n559263_v10_w320,n559263_v10_w320,dense_pr,4,5,1685.5405180000002,1684.32838,1683.51415,1688.39064,0.5932814959479958,2.7623708005101775,0.9138902771015678,97009231.0,8353438.0,64374.0,6629.6402,28737.6,50.032177495344484,0.999470219490376,0.21684837341308594,0.0006393467363182451,0.26635414361953735,2721,False,True,e38a40473d67217346389735a14fd9ccf66bd6c85526ab7424ed5f0c82fcbd24
examples\3dgs_flicker_cat\evidence\20260926T172353_n559263_v10_w320,n559263_v10_w320,sparse,4,5,1545.608886,1546.52492,1541.87959,1548.70276,0.6469942098922431,3.0124619185192754,0.9323992065268167,99213939.0,6706941.0,440655.0,6068.2886,28411.2,32.192566425641076,0.9782911798737295,0.7454622387886047,0.006146747345648984,0.7186383008956909,12589,False,,e38a40473d67217346389735a14fd9ccf66bd6c85526ab7424ed5f0c82fcbd24
examples\3dgs_flicker_cat\evidence\20260926T172353_n559263_v10_w320,n559263_v10_w320,adaptive,4,5,1668.4137640000001,1668.41908,1665.59604,1670.22163,0.5993717035770031,2.790727342620988,0.9179538634380623,97199397.0,7974835.0,152293.0,6420.608,28691.2,45.109714105571086,0.998313576841043,0.2175980806350708,0.0016102987733993973,0.26635414361953735,6461,False,,e38a40473d67217346389735a14fd9ccf66bd6c85526ab7424ed5f0c82fcbd24
