version,evidence,case,backend,scope,samples,mean_ms,median_ms,p95_ms,p99_ms,fps,official_strict,timing_sha256
flk0_cpu_baseline,measure_20260926T235156,n559263_v0_w320,cpu1,prepared-frame FP32 without CAT,3,19458.120323333333,19446.12508,19479.119089,19482.0518898,0.05139242554692415,True,e97fde8666bb6d6ee701f04422480147575c3759eceb07de85069e75390c4eb1
flk0_cpu_baseline,measure_20260926T235156,n559263_v0_w320,cpu4,prepared-frame FP32 without CAT,3,5828.52553,5828.74437,5829.350547,5829.4044294000005,0.1715699785225098,True,9aca724f0af6531a80585d2c7aff648f1376cea0d25a60601542f25f5427500f
flk0_cpu_baseline,measure_20260926T235156,n559263_v10_w320,cpu1,prepared-frame FP32 without CAT,3,17088.866990000002,17088.51421,17091.354727,17091.6072174,0.058517630255134886,True,9593e4e4d618cb2ac2eedd8e7c37f147010a95bb9820c1c8c999197b383bdd76
flk0_cpu_baseline,measure_20260926T235156,n559263_v10_w320,cpu4,prepared-frame FP32 without CAT,3,4669.584983333333,4669.50422,4670.212772,4670.275754400001,0.21415179369669823,True,1b4eef73c24b534c5aa2bfc98779fec5f63670e433fac01bf6c2cf1d0940676e
FLK0_BOARD_FP16_BLOCK_PIPELINE,measure_20260927T011638,n10000_v0_w320,cpu1,prepared-frame FP32 without CAT,3,555.0888766666667,555.06274,555.145063,555.1523806,1.8015133108143768,True,c3bdbeaa553fdb52a8f450f7a18aa2a4110f20dd81a854385843d58372e25b23
FLK0_BOARD_FP16_BLOCK_PIPELINE,measure_20260927T011638,n10000_v0_w320,cpu4,prepared-frame FP32 without CAT,3,141.6159966666667,141.41886,142.03041000000002,142.08477000000002,7.061349166321817,True,dd14d4bc907e8bcca6bcfb202873dcdf9810212c2763e086b8acf1d318f5476a
FLK0_BOARD_FP16_BLOCK_PIPELINE,measure_20260927T011638,n10000_v0_w320,serial,prepared-frame FP16 full evaluation without CAT; all host stages included,3,46.53223666666667,46.56244,46.577443,46.5787766,21.490477820000198,False,8abd02dc1278cb819d4c1855ac36415f77078b9e5f96e003abb3b2656eacbd2e
FLK0_BOARD_FP16_BLOCK_PIPELINE,measure_20260927T011638,n10000_v0_w320,pipeline,prepared-frame FP16 full evaluation without CAT; all host stages included,3,38.568356666666666,38.569720000000004,38.574445,38.574865,25.92799088233558,False,2ae52b9e50c23c8366abb002da150c0d89e0a3ebb52cc22f8b4699af410eb305
FLK0_BOARD_FP16_BLOCK_PIPELINE,measure_20260927T011638,n559263_v0_w320,cpu1,prepared-frame FP32 without CAT,3,19357.142663333332,19326.20955,19452.184043999998,19463.381776799997,0.05166051712240666,True,763d50c9073f891beb71e63d63c6198025110614c099435e568a3c8ae2606e75
FLK0_BOARD_FP16_BLOCK_PIPELINE,measure_20260927T011638,n559263_v0_w320,cpu4,prepared-frame FP32 without CAT,3,5835.862303333332,5835.33015,5838.246789,5838.5060458,0.17135428288443666,True,e8ba82cb8a2d4dd9bd0652a43c11c2ea32f38db0a29ce8e2010c93267dd10887
FLK0_BOARD_FP16_BLOCK_PIPELINE,measure_20260927T011638,n559263_v0_w320,serial,prepared-frame FP16 full evaluation without CAT; all host stages included,3,2387.25794,2387.2701,2387.421453,2387.4349066,0.41889063734771786,False,d12449f71572bfca6703774f12c0df66b8b8328b2de0626c9ddfc1832541ceaf
FLK0_BOARD_FP16_BLOCK_PIPELINE,measure_20260927T011638,n559263_v0_w320,pipeline,prepared-frame FP16 full evaluation without CAT; all host stages included,3,2093.758996666667,2093.76224,2093.7952969999997,2093.7982353999996,0.47760988804921334,False,db6046b90826abeda1868e5983e4bd1ef3baa4559301da0169a99b3b8f26e216
FLK0_BOARD_FP16_BLOCK_PIPELINE,measure_20260927T011638,n559263_v10_w320,cpu1,prepared-frame FP32 without CAT,3,17028.776996666667,17040.0572,17045.574496999998,17046.064923399997,0.05872412329997316,True,05624b768ed833a110084b42d6afe5af78889cea1026bf0d63ffc8b6a88f35d3
FLK0_BOARD_FP16_BLOCK_PIPELINE,measure_20260927T011638,n559263_v10_w320,cpu4,prepared-frame FP32 without CAT,3,4731.877606666667,4732.20219,4732.913928,4732.9771936,0.21133260052861805,True,f5e32187a623a7fcad3a9670113937904a2c7c1ef4374bba3a521c7d38e20752
FLK0_BOARD_FP16_BLOCK_PIPELINE,measure_20260927T011638,n559263_v10_w320,serial,prepared-frame FP16 full evaluation without CAT; all host stages included,3,2190.88837,2190.88124,2190.909131,2190.9116102,0.4564358520922725,False,4864c312492d06e9e692925ade6fb9181b24f71ae25a4b90f35a85fc0f6ddd77
FLK0_BOARD_FP16_BLOCK_PIPELINE,measure_20260927T011638,n559263_v10_w320,pipeline,prepared-frame FP16 full evaluation without CAT; all host stages included,3,1936.5180566666668,1936.5106,1936.67053,1936.6847460000001,0.5163907439733882,False,8aa5c84cff251b01af864c601ac83b6791e038b6ac3fa9145d48ef4064150860
FLK0_BOARD_PIPELINE_20FRAME_REPEAT,measure_20260927T012130,n559263_v0_w320,pipeline,prepared-frame FP16 full evaluation without CAT; all host stages included,10,2093.090079,2092.91445,2093.9193514999997,2094.5393182999996,0.47776252442883993,False,674bf3f373cf0040c9bf44867bcfae45a0a28f606c3b6c38819ea3da39b11b9d
FLK0_BOARD_PIPELINE_20FRAME_REPEAT,measure_20260927T012130,n559263_v10_w320,pipeline,prepared-frame FP16 full evaluation without CAT; all host stages included,10,1938.3588919999997,1936.127805,1947.5946735,1948.7230467,0.51590033410593,False,766f6e70fb1205b8f76368b2a66896c0a001368a0c3707e0f8a741e5c1a1c83d
FLK1_BOARD_CAT,cat_measure_20260927T194410,n559263_v0_w320,cpu1,prepared-frame FP32 without CAT,3,19292.85909,19287.87798,19304.382954,19305.8500628,0.051832649341140236,True,86389b55d3d8494479b9234e4faf9f8ed38e748a93f8f100cd92df894196413d
FLK1_BOARD_CAT,cat_measure_20260927T194410,n559263_v0_w320,cpu4,prepared-frame FP32 without CAT,3,5786.558620000001,5784.88352,5789.819839999999,5790.258623999999,0.17281428663726212,True,be629c8471d1a256b48b11debce82f289118590ad58db44ab59b69387f37d353
FLK1_BOARD_CAT,cat_measure_20260927T194410,n559263_v0_w320,cpu_dense4,"prepared-frame FP32 Dense CAT, four CPU threads",3,2097.8092400000005,2097.35366,2099.622083,2099.8237206000003,0.47668776594767964,False,a95da5fb1c103ca104a5cbf87129e690907290df6c521097fce8909b44502abd
FLK1_BOARD_CAT,cat_measure_20260927T194410,n559263_v0_w320,mode0,prepared-frame FLK1 FP16 AABB/CAT off; all host stages included; host schedule=pipeline,3,3937.32106,3937.33144,3937.331935,3937.331979,0.25397979610024485,False,fce18a87e1f11eaff5338c6c4a7dd834ff70215b8b87238b600a9c58e02fd705
FLK1_BOARD_CAT,cat_measure_20260927T194410,n559263_v0_w320,mode1,prepared-frame FLK1 FP16 AABB only; all host stages included; host schedule=pipeline,3,1848.4781266666669,1848.4895900000001,1848.501632,1848.5027024,0.5409855737937701,False,3269fdf0a1b0c960181fd7e885ac59cc2ded014f4340a86951301c7870636207
FLK1_BOARD_CAT,cat_measure_20260927T194410,n559263_v0_w320,mode2,prepared-frame FLK1 FP16 AABB + Dense CAT; all host stages included; host schedule=pipeline,3,1419.4779733333335,1419.47082,1419.5509290000002,1419.5580498000002,0.704484337753913,False,0e9a6bb0ab12d793998bf9b2ea37b1404d2064c4f3d25ac79c281a606be84f8f
FLK1_BOARD_CAT,cat_measure_20260927T194410,n559263_v0_w320,mode3,prepared-frame FLK1 FP16 AABB + Sparse CAT; all host stages included; host schedule=pipeline,3,1419.5633500000001,1419.33706,1420.070029,1420.1351818,0.7044419680178414,False,e17a5db7923a42f35c61bb4964b29186d3fa9fb3c8377885cb06e8dbc419d5ee
FLK1_BOARD_CAT,cat_measure_20260927T194410,n559263_v0_w320,mode4,prepared-frame FLK1 FP16 AABB + Smooth-Focused CAT; all host stages included; host schedule=pipeline,3,1419.0363566666667,1419.04403,1419.05816,1419.059416,0.7047035795115298,False,053a83a7bbf11dc63a41538884511179500f10c45a812fd179aa4943598e5225
FLK1_BOARD_CAT,cat_measure_20260927T194410,n559263_v0_w320,mode5,prepared-frame FLK1 FP16 AABB + Spiky-Focused CAT; all host stages included; host schedule=pipeline,3,1419.5040166666668,1419.51385,1419.559597,1419.5636634,0.7044714127320597,False,fddda80f1701042a673a7888b199ba75b06f9e8275b61f74f6bc8e84e3105fe7
FLK1_BOARD_CAT,cat_measure_20260927T194410,n559263_v10_w320,cpu1,prepared-frame FP32 without CAT,3,16965.40356,16958.16834,16983.523284,16985.777056799998,0.05894348439536914,True,eccfbb134aef6dd73fa62f2aaa26fbff60f64ea5be8666766f3412cd94decca3
FLK1_BOARD_CAT,cat_measure_20260927T194410,n559263_v10_w320,cpu4,prepared-frame FP32 without CAT,3,4688.094026666667,4686.42927,4691.740161,4692.2122401999995,0.21330630194527497,True,e080bd1f7a9a11759e6b260f938c3568c90cb6d99da7a4903bd1c564afdd92bb
FLK1_BOARD_CAT,cat_measure_20260927T194410,n559263_v10_w320,cpu_dense4,"prepared-frame FP32 Dense CAT, four CPU threads",3,1640.0603600000002,1640.14697,1640.444006,1640.4704092,0.60973365638811,False,36fde7b488c3b11cd28f810e5a5fd9886dd2697621c0db96313b9e8ac71b0e25
FLK1_BOARD_CAT,cat_measure_20260927T194410,n559263_v10_w320,mode0,prepared-frame FLK1 FP16 AABB/CAT off; all host stages included; host schedule=pipeline,3,3555.0997533333334,3555.09931,3555.104926,3555.1054252,0.28128605929056694,False,531f6ffb849df821bb2c75b6f5ba334907ee9ecefe62eda9096fb7b8e7c1261e
FLK1_BOARD_CAT,cat_measure_20260927T194410,n559263_v10_w320,mode1,prepared-frame FLK1 FP16 AABB only; all host stages included; host schedule=pipeline,3,1819.8437299999998,1819.83654,1819.879182,1819.8829724,0.5494977307749386,False,9d1923c924f069402b68dcb23bb1e93daf0627210626e7b1c9c282faddc016e9
FLK1_BOARD_CAT,cat_measure_20260927T194410,n559263_v10_w320,mode2,prepared-frame FLK1 FP16 AABB + Dense CAT; all host stages included; host schedule=pipeline,3,1328.2292233333333,1328.2767,1328.333373,1328.3384105999999,0.7528820947715584,False,321d81bae585e0f9173f922767ee6a0e30efb5ac373125d5ec83049b48999092
FLK1_BOARD_CAT,cat_measure_20260927T194410,n559263_v10_w320,mode3,prepared-frame FLK1 FP16 AABB + Sparse CAT; all host stages included; host schedule=pipeline,3,1328.7410566666667,1328.56575,1329.051822,1329.0950284,0.7525920832977346,False,3f798b2892dc908a2c6d5ee1a4803028694741f1a92901320a255040af9cfd74
FLK1_BOARD_CAT,cat_measure_20260927T194410,n559263_v10_w320,mode4,prepared-frame FLK1 FP16 AABB + Smooth-Focused CAT; all host stages included; host schedule=pipeline,3,1328.1523966666666,1328.10027,1328.322984,1328.3427808,0.752925645061329,False,00070efcd8151c3ed8035b2a75f2fbdecf4e0bad5a9f47c331889a9b9a648354
FLK1_BOARD_CAT,cat_measure_20260927T194410,n559263_v10_w320,mode5,prepared-frame FLK1 FP16 AABB + Spiky-Focused CAT; all host stages included; host schedule=pipeline,3,1328.25456,1328.28603,1328.379189,1328.3874698000002,0.7528677334260384,False,bfff03b0b872270546dca4c7b89443b6f988cad1bee5859b33077347850cf75b
FLK1_BOARD_CAT_SERIAL,cat_measure_20260927T195129,n559263_v0_w320,mode0,prepared-frame FLK1 FP16 AABB/CAT off; all host stages included; host schedule=serial,3,4281.958449999999,4281.93771,4282.034127,4282.042697399999,0.23353799708168588,False,8692cfad08c5d47572858acf3d407ac2b46a0ae988647cb129f99bb5cd77fd23
FLK1_BOARD_CAT_SERIAL,cat_measure_20260927T195129,n559263_v0_w320,mode1,prepared-frame FLK1 FP16 AABB only; all host stages included; host schedule=serial,3,2191.10144,2191.09704,2191.197561,2191.2064962,0.4563914667501656,False,20b30d3833d2bf0552d4c7b517128f7970acf30be690f444bbdaa17849be198e
FLK1_BOARD_CAT_SERIAL,cat_measure_20260927T195129,n559263_v0_w320,mode2,prepared-frame FLK1 FP16 AABB + Dense CAT; all host stages included; host schedule=serial,3,1727.9712866666669,1728.0386,1728.079316,1728.0829352,0.5787133199007284,False,c3656cd6a8b874b772b90e1049a65f504d067e4be1e7e085f088a50e600dd2bb
FLK1_BOARD_CAT_SERIAL,cat_measure_20260927T195129,n559263_v10_w320,mode0,prepared-frame FLK1 FP16 AABB/CAT off; all host stages included; host schedule=serial,3,3869.7706933333334,3869.73102,3870.017193,3870.0426306000004,0.2584132444133589,False,0031107c7036d0c614f4733d75bd6ba7954bd916797b627946e8d7eeaac05140
FLK1_BOARD_CAT_SERIAL,cat_measure_20260927T195129,n559263_v10_w320,mode1,prepared-frame FLK1 FP16 AABB only; all host stages included; host schedule=serial,3,2096.1103,2094.61821,2098.8710159999996,2099.2490431999995,0.4770741310702972,False,58e25b06d04ce21e6cf3dde0f368a80d712b973acf546f6afd4e326fbbf003be
FLK1_BOARD_CAT_SERIAL,cat_measure_20260927T195129,n559263_v10_w320,mode2,prepared-frame FLK1 FP16 AABB + Dense CAT; all host stages included; host schedule=serial,3,1576.3306166666669,1576.30613,1576.4523889999998,1576.4653898,0.6343846839152407,False,e4452958216f8dd355af4f77789ec1e45544c38b6a72500966021e7086a08746
FLK1_BOARD_CAT_STABILITY10,cat_measure_20260927T195312,n559263_v0_w320,mode2,prepared-frame FLK1 FP16 AABB + Dense CAT; all host stages included; host schedule=pipeline,10,1418.158852,1418.1563,1418.24684,1418.2549040000001,0.7051396242316019,False,8cf629511555b2d46c9260c4ff154d648e64427331a6b5c1f2d220e44e02d68c
FLK1_BOARD_CAT_STABILITY10,cat_measure_20260927T195312,n559263_v10_w320,mode2,prepared-frame FLK1 FP16 AABB + Dense CAT; all host stages included; host schedule=pipeline,10,1328.2126279999998,1328.2104100000001,1328.3650994999998,1328.4333159,0.7528915016459249,False,4d052c3760d9820cf8c8a7e47da84d45707d545f12e976a3627bdc84ed3c8175
FLK1_BEFORE_SPLITOPT_20260927,cat_measure_20260927T211227,n559263_v0_w320,cpu4,prepared-frame FP32 without CAT,5,5757.646688,5756.1002,5763.6582180000005,5764.548083600001,0.17368207085095808,True,6e735690a26bdd92cbc01b1c63649caf1dd01bf483fbc5d23359f040ad552ccf
FLK1_BEFORE_SPLITOPT_20260927,cat_measure_20260927T211227,n559263_v0_w320,cpu_dense4,"prepared-frame FP32 Dense CAT, four CPU threads",5,2085.543096,2085.192,2087.377898,2087.5611876000003,0.47949141013578944,False,d1aa8d587e2f1ecd48a9b68275e8a80ece589e9b1ba72baef624754f84e20f6e
FLK1_BEFORE_SPLITOPT_20260927,cat_measure_20260927T211227,n559263_v0_w320,mode0,prepared-frame FLK1 FP16 AABB/CAT off; all host stages included; host schedule=pipeline,5,3937.2581359999995,3937.24865,3937.281704,3937.2838928,0.253983855124098,False,3a39f1b2f7244203b08963664e021d16ea8b908c3872c10949701393beed68d8
FLK1_BEFORE_SPLITOPT_20260927,cat_measure_20260927T211227,n559263_v0_w320,mode1,prepared-frame FLK1 FP16 AABB only; all host stages included; host schedule=pipeline,5,1847.804536,1847.77737,1847.8896599999998,1847.895476,0.5411827823329902,False,dd6c966d4fcfe34b15b33083d6e757d34680485d9838b50a06c0714047224953
FLK1_BEFORE_SPLITOPT_20260927,cat_measure_20260927T211227,n559263_v0_w320,mode2,prepared-frame FLK1 FP16 AABB + Dense CAT; all host stages included; host schedule=pipeline,5,1418.2174519999999,1418.1515,1418.44891,1418.491142,0.7051104882328018,False,5b69dbea0111b1dd0d8f061f5d67e5efcfb478e7754274ff3bbc2a9badc12cf5
FLK1_BEFORE_SPLITOPT_20260927,cat_measure_20260927T211227,n559263_v10_w320,cpu4,prepared-frame FP32 without CAT,5,4659.022982,4657.40133,4666.287798,4668.0322156,0.21463727563986504,True,4a057765e1a699422355dc051a409fa2e3006027d9800683d8ba83f01fc399e3
FLK1_BEFORE_SPLITOPT_20260927,cat_measure_20260927T211227,n559263_v10_w320,cpu_dense4,"prepared-frame FP32 Dense CAT, four CPU threads",5,1629.742146,1628.87377,1632.72631,1633.2092539999999,0.6135939985686545,False,3969fff61676194a76435ed8b3509f932a832db5adba618936f9f5f57bdcc22a
FLK1_BEFORE_SPLITOPT_20260927,cat_measure_20260927T211227,n559263_v10_w320,mode0,prepared-frame FLK1 FP16 AABB/CAT off; all host stages included; host schedule=pipeline,5,3555.0985700000006,3555.0980299999997,3555.109348,3555.1103896,0.2812861529181172,False,039b05ac5a7c3d725ff36e2c512eac299abe64841b70510a254b77495faeadce
FLK1_BEFORE_SPLITOPT_20260927,cat_measure_20260927T211227,n559263_v10_w320,mode1,prepared-frame FLK1 FP16 AABB only; all host stages included; host schedule=pipeline,5,1820.241314,1820.15871,1820.550844,1820.6236248,0.5493777073999541,False,20b7de9079364675eb6daddf4478ff0785c41124c85051f3568a57dd9f1ed50d
FLK1_BEFORE_SPLITOPT_20260927,cat_measure_20260927T211227,n559263_v10_w320,mode2,prepared-frame FLK1 FP16 AABB + Dense CAT; all host stages included; host schedule=pipeline,5,1328.043438,1328.06427,1328.1210740000001,1328.1274388000002,0.7529874184732804,False,944dd271deac3e792060e5d667e8b3c6c1daf01b1e7a4692c6638caf6031725f
FLK1_SPLIT_DIAGNOSTIC_20260927,cat_measure_20260927T205621,n559263_v0_w320,mode0,prepared-frame FLK1 FP16 AABB/CAT off; all host stages included; host schedule=pipeline,1,3937.7862099999998,3937.7862099999998,3937.7862099999998,3937.7862099999998,0.2539497948010743,False,f051e5316eb912a985a56be515311e3ff26c5d7f83d171a9e8bb39b0ce50f28c
FLK1_SPLIT_DIAGNOSTIC_20260927,cat_measure_20260927T205621,n559263_v0_w320,mode2,prepared-frame FLK1 FP16 AABB + Dense CAT; all host stages included; host schedule=pipeline,1,1430.01458,1430.01458,1430.01458,1430.01458,0.6992935694403899,False,ef6dcb027e8f9d2ef4fb0b1d5ddef51750e5cd8cd7bff64da2c7fb82026e1b45
FLK1_SPLIT_II16_20260927,cat_measure_20260927T224323,n559263_v0_w320,cpu4,prepared-frame FP32 without CAT,5,5868.965366,5860.78356,5898.233273999999,5901.8332468,0.17038778347427036,True,b2a5894213ee3b073a7904368713d85b3ecd2a7cc98be73594fb089162937603
FLK1_SPLIT_II16_20260927,cat_measure_20260927T224323,n559263_v0_w320,cpu_dense4,"prepared-frame FP32 Dense CAT, four CPU threads",5,2093.6895080000004,2094.11255,2095.263194,2095.3406388000003,0.4776257397188045,False,17eb720e3c8afa170621e7b42c63aa0b7dffd2a15fa1b2d1f5d9844d6f887bf0
FLK1_SPLIT_II16_20260927,cat_measure_20260927T224323,n559263_v0_w320,mode0,prepared-frame FLK1 FP16 AABB/CAT off; all host stages included; host schedule=pipeline,5,3936.908316,3936.90921,3936.9152000000004,3936.9154320000002,0.2540064232473734,False,316f2aa61228742df60f617a0eef0565ca31a8c134049c771161b75951962dd0
FLK1_SPLIT_II16_20260927,cat_measure_20260927T224323,n559263_v0_w320,mode1,prepared-frame FLK1 FP16 AABB only; all host stages included; host schedule=pipeline,5,1794.6619739999999,1794.62854,1794.733284,1794.7380648,0.5572079948688989,False,3dee78b6436f60ea36a3fbac42cb9ff25d80eb7218ab69c565fac05f53f74ecb
FLK1_SPLIT_II16_20260927,cat_measure_20260927T224323,n559263_v0_w320,mode2,prepared-frame FLK1 FP16 AABB + Dense CAT; all host stages included; host schedule=pipeline,5,654.364732,654.30034,654.48088,654.4854799999999,1.5281997196633756,False,6cf0763b1d9797b2c282a3e62c2ff7d17d36d64163415d120e255e113fef5dce
FLK1_SPLIT_II16_20260927,cat_measure_20260927T224323,n559263_v0_w320,mode3,prepared-frame FLK1 FP16 AABB + Sparse CAT; all host stages included; host schedule=pipeline,5,539.17181,539.07289,539.4967160000001,539.5319592000001,1.8546963722009129,False,088d345733f4c80b98da5fd1d33ba990fe522771957b7c959b47a0ae0e1ecd70
FLK1_SPLIT_II16_20260927,cat_measure_20260927T224323,n559263_v0_w320,mode4,prepared-frame FLK1 FP16 AABB + Smooth-Focused CAT; all host stages included; host schedule=pipeline,5,642.395794,641.83452,644.180878,644.6272476,1.5566727076049318,False,730c59c2343317f87a690539ec226290a7eaf0cde4f280966ab12b7394515d58
FLK1_SPLIT_II16_20260927,cat_measure_20260927T224323,n559263_v0_w320,mode5,prepared-frame FLK1 FP16 AABB + Spiky-Focused CAT; all host stages included; host schedule=pipeline,5,548.362206,548.37185,548.3976040000001,548.3976488000001,1.8236121838053878,False,fd741a06b56b5f1afbe4d97381a4da4f57b31fa4e8a0d118051c858cc05e1ce5
FLK1_SPLIT_II16_20260927,cat_measure_20260927T224323,n559263_v10_w320,cpu4,prepared-frame FP32 without CAT,5,4671.431312000001,4671.08084,4673.79737,4673.894506,0.21406715270139884,True,a7e59382cbf2d3bfb105a0fe6274a5e99beaad5a7f51a899836babea3fb70319
FLK1_SPLIT_II16_20260927,cat_measure_20260927T224323,n559263_v10_w320,cpu_dense4,"prepared-frame FP32 Dense CAT, four CPU threads",5,1636.96932,1636.44949,1638.767304,1639.0115488,0.6108849981379004,False,ca0724e733245eadf1848edc4c7473b8dbb9f8e222af6bf078fa1eb992d562b4
FLK1_SPLIT_II16_20260927,cat_measure_20260927T224323,n559263_v10_w320,mode0,prepared-frame FLK1 FP16 AABB/CAT off; all host stages included; host schedule=pipeline,5,3554.7396340000005,3554.73632,3554.7542700000004,3554.7577020000003,0.28131455548398115,False,1c53a209be77c277034d54eacf9114e5568a108766ecfe52fbcf8332f921577e
FLK1_SPLIT_II16_20260927,cat_measure_20260927T224323,n559263_v10_w320,mode1,prepared-frame FLK1 FP16 AABB only; all host stages included; host schedule=pipeline,5,1768.332592,1768.3354199999999,1768.429214,1768.4445148000002,0.5655044783566371,False,9794fe122fb956c58f3ff71dc989abf344da2f99b0382df6f709b294d032a827
FLK1_SPLIT_II16_20260927,cat_measure_20260927T224323,n559263_v10_w320,mode2,prepared-frame FLK1 FP16 AABB + Dense CAT; all host stages included; host schedule=pipeline,5,635.10363,635.0806899999999,635.270848,635.2731136,1.5745461886275158,False,cefc4cc0ff939b7cfbfc2d8a5dc266651209382b96a05d7126793a97dc562eb4
FLK1_SPLIT_II16_20260927,cat_measure_20260927T224323,n559263_v10_w320,mode3,prepared-frame FLK1 FP16 AABB + Sparse CAT; all host stages included; host schedule=pipeline,5,529.091306,528.6211099999999,530.763112,531.1544304,1.8900329464117105,False,919b88dbea534be355d72f863d837b692f0b06d1597c7747a24aef6d5f0b9c50
FLK1_SPLIT_II16_20260927,cat_measure_20260927T224323,n559263_v10_w320,mode4,prepared-frame FLK1 FP16 AABB + Smooth-Focused CAT; all host stages included; host schedule=pipeline,5,618.681734,618.16847,620.373388,620.8117656,1.6163399451518314,False,9c18a300ad84b14dc15f677257529a905d31e121cf084515e27986e85fb56608
FLK1_SPLIT_II16_20260927,cat_measure_20260927T224323,n559263_v10_w320,mode5,prepared-frame FLK1 FP16 AABB + Spiky-Focused CAT; all host stages included; host schedule=pipeline,5,542.6926639999999,542.25541,544.186024,544.5600448,1.8426635669429283,False,2461004a6003416afa2dc94902b3211008faefa9cfd54b9f09856e2d5bcb8b59
FLK1_SPLIT_II16_SERIAL_20260927,cat_measure_20260927T224856,n559263_v0_w320,mode2,prepared-frame FLK1 FP16 AABB + Dense CAT; all host stages included; host schedule=serial,5,876.480194,876.42097,876.630758,876.6433436,1.1409270932139284,False,35f318ef9a7755d4b469401d2d402ad2c2431bf5f432a958340109de87e04101
FLK1_SPLIT_II16_SERIAL_20260927,cat_measure_20260927T224856,n559263_v10_w320,mode2,prepared-frame FLK1 FP16 AABB + Dense CAT; all host stages included; host schedule=serial,5,814.129428,814.1682099999999,814.455784,814.5045488000001,1.228305924841228,False,573c6464217fb8b12ec426141565f6c7d7838eb46d2e7d531857b3263f1d64d0
FLK1_SPLIT_II16_STABILITY_20260927,cat_measure_20260927T225121,n559263_v0_w320,mode2,prepared-frame FLK1 FP16 AABB + Dense CAT; all host stages included; host schedule=pipeline,10,651.945436,651.90125,652.2446655,652.2637490999999,1.5338706965041167,False,67c12097bd280ca38d3b8bcc5561f2e2c1605497fd0284e7127a357caca11745
FLK1_SPLIT_II16_STABILITY_20260927,cat_measure_20260927T225121,n559263_v10_w320,mode2,prepared-frame FLK1 FP16 AABB + Dense CAT; all host stages included; host schedule=pipeline,10,634.311787,634.290065,634.614642,634.6525284,1.5765117730659481,False,38bcb446fffb3f3a826382eb0e686ae43f7bd62fb178ec188835dee250db0e97
